level,key,period,n_companies,median_margin,mad_margin,median_debt_ratio,mad_debt_ratio,median_inv_turnover,mad_inv_turnover,median_growth,mad_growth
okved2,1,2022,86,0.09282226578472244,0.09273137827828437,0.3653581188924711,0.3653581188924711,1.5745314339907797,1.055116182804038,-0.0306735539343315,0.25284433832895076
okved2,10,2022,14,0.06436098531957844,0.052658782887534505,,,7.793331954473342,5.665964391311158,0.20045727928630097,0.22724113578100238
okved2,23,2022,13,0.0062887847798168,0.0285016297456367,0.7568884679385877,0.6085067948250895,9.88342086200652,8.021882400468058,0.4106719367588933,0.46408439966690507
okved2,25,2022,173,0.0192097119733396,0.024276950328436,0.0983606557377049,0.1751328608371725,6.912035484987371,5.331214989693191,0.1814038286235187,0.45720346652333754
okved2,28,2022,13,0.0273712737127371,0.044571172330428295,0.0194047335922822,0.5212693551288552,4.4396398118298,2.1620728269421225,0.0777712828143267,0.2891191724084294
okved2,33,2022,21,0.0501596593932943,0.033972225953464705,,,6.92874109263658,3.90782909728369,0.2431162415566085,0.31039053888910506
okved2,41,2022,185,0.0328566800870007,0.0315544998652581,0.1065161764984538,0.1065161764984538,8.536052133697709,7.380650282086739,0.2802265437907982,0.6473073648929187
okved2,42,2022,162,0.03684649916432285,0.035892333542133004,0.1375781417359637,0.1375781417359637,10.98220887245841,8.341211201891033,0.1309249080614093,0.38783664769541015
okved2,43,2022,208,0.03933429973238175,0.04463731152281245,0.0656447960087964,0.1022559008553151,6.975574712643678,5.358520844887742,0.25432221930337406,0.5041357893158447
okved2,45,2022,177,0.0344373334784663,0.0307539742548544,0.2060748815425488,0.32545546146536675,5.494943722943723,4.109648499175389,0.1711214460559751,0.3867414489628323
okved2,46,2022,390,0.0200854354125151,0.02072069262712585,0.1858268876106846,0.2950474293292061,7.55071210628248,6.327475563921356,0.043600753026241196,0.396231843196752
okved2,47,2022,234,0.0395032680488554,0.0378372069361087,0.02498138109017165,0.0900885227547558,6.680949248166329,4.6868469868815215,0.04806399000947995,0.22885539784250386
okved2,49,2022,184,0.02159180340818545,0.02974310486811895,0.0498188405797101,0.2461265932967583,28.940425531914894,26.909734994830494,0.17433299693730325,0.31435809108033463
okved2,52,2022,123,0.0271962190078307,0.0581962294105187,0.1063829787234042,0.2021630657544613,16.84788900579173,15.528573021135468,0.0652967474672901,0.34662894978244996
okved2,56,2022,164,0.03364662633944855,0.053856851751656845,0.0334633820086946,0.24619864345840042,15.210566615620214,11.360670565724165,0.1801091819562451,0.24747586351361
okved2,62,2022,164,0.07293769354816675,0.11837106750080453,0.0,0.02539242455181035,19.156203742733627,17.526651003022334,0.0164835164835164,0.2372751235412178
okved2,68,2022,246,0.05256894182436605,0.1068416685292712,0.0038819566786803,0.4087665855143816,35.68597499168823,33.016025753109545,0.0449635430731839,0.11765521888407801
okved2,69,2022,167,0.0458494208494208,0.0793758043758044,0.0,0.119324796274738,24.809859154929576,22.15880529076096,0.1363661397808007,0.287975693259513
okved2,70,2022,104,0.09041368651484065,0.1340603307191704,0.0,0.15239936950510524,39.953017241379314,38.87046305213869,0.09367131106261535,0.3844455632674426
okved2,71,2022,213,0.0769774415983802,0.12797558999854552,0.0,0.12781044878077755,10.47222048557055,10.032957885018043,0.1040613985359,0.35958815804379984
okved2,72,2022,14,0.0236048637994879,0.05921168786274155,0.6640046374462529,0.6640046374462529,,,-0.0050777355146054,0.3383296868176162
okved2,73,2022,158,0.042545331118137755,0.051732970072194406,0.0,0.0493470242249028,12.872390165255945,11.860322773850413,0.04418339225183915,0.26356742400549005
okved2,79,2022,12,0.0764066665806328,0.06813468837408809,0.0,0.3367733925438782,,,0.14606746329660858,0.4483283057140709
okved2,80,2022,15,0.0562614239222504,0.0491913811731548,,,,,0.11708356240313436,0.13409386241483384
okved2,86,2022,263,0.0604517271922054,0.061223901350157595,0.0,0.1126958617918842,16.32546606667279,12.477040869822396,0.11933118608288505,0.1867874178595735
okved2,93,2022,61,0.0578034682080924,0.10482628957737469,0.0,0.4612121168514749,14.00965569683014,12.22493994659715,0.1641525223698045,0.2335475401633988
okved2,95,2022,13,0.0290549169859514,0.0283017158812565,,,2.273811044355255,1.335853042907029,-0.09457493701847355,0.284112397345469
section,A,2022,98,0.08332864493315055,0.08719591105229131,0.3227059418326538,0.3227059418326538,1.8932492562983243,1.4151130011282613,0.0,0.2554185237193968
section,C,2022,301,0.0269036501612164,0.0346980653295947,0.1178897730621868,0.2454285677673984,6.308728367363214,4.483569697650088,0.189508400746733,0.3806109724286721
section,F,2022,555,0.0363864491844416,0.0362631837058194,0.11529034516240075,0.11529034516240075,8.774610575394723,6.969833836038545,0.23601369943253653,0.5344424340968985
section,G,2022,801,0.0267131242740998,0.0272872638202273,0.1172117397800022,0.20278573191861535,6.675548060708263,5.229512307784663,0.06698589089834005,0.338031863058635
section,H,2022,310,0.0248042456237631,0.033060243521471,0.072639225181598,0.2138329233595161,23.709402292044842,21.86065717358578,0.142855548556521,0.35273891552192493
section,I,2022,171,0.0387958789439793,0.0514973451649557,0.0379539908550309,0.2093158999406009,15.812435369665778,11.982332358194842,0.18206536206628465,0.2509824627542372
section,J,2022,188,0.0697237336959741,0.1147554412314154,0.0,0.0302343903880244,19.156203742733627,18.14108382221485,0.01026394031892175,0.24682446427484284
section,L,2022,246,0.05256894182436605,0.1068416685292712,0.0038819566786803,0.4087665855143816,35.68597499168823,33.016025753109545,0.0449635430731839,0.11765521888407801
section,M,2022,664,0.05551604235814755,0.0975276743431837,0.0,0.1090916921486713,15.65305800134244,15.092383888075734,0.0915372316126085,0.3084627683873915
section,N,2022,61,0.0539983511953833,0.0536323665195159,0.0014843402107763,0.2715004653519329,33.31818181818181,30.5877932566424,0.1559981014153179,0.2677080492846978
section,Q,2022,264,0.05998319077716735,0.06149412580038735,0.0,0.1111324451399158,16.32546606667279,12.477040869822396,0.1164493250972317,0.1860623715292149
section,R,2022,62,0.05818137472653935,0.10353551421644544,0.0,0.4612121168514749,14.00965569683014,12.22493994659715,0.1641525223698045,0.2335475401633988
section,S,2022,23,0.0317460317460317,0.030992830641336802,0.55,0.977085124677558,10.732799245994345,8.653117971093947,0.12281221053695014,0.34161237753581886
period,ALL,2022,3782,0.0389204472267305,0.05067826260652745,0.04368205132780335,0.2054341839937209,10.17779033647238,8.654886880109633,0.0974838245866283,0.3099313850194387
okved2,1,2023,89,0.0472527472527472,0.1535536575369207,0.3735342665994206,0.3735342665994206,1.7507865496687862,1.0292006465850858,0.1146140849254535,0.3468202802434956
okved2,10,2023,17,0.0764133395441876,0.0997545094720083,0.0,0.5412000653879767,7.556413886384373,6.049307132727119,0.16094500485626095,0.46359194431911593
okved2,25,2023,172,0.03253364506650995,0.03251473305308155,0.25337445575645723,0.25337445575645723,7.474678111587983,5.7035037065938345,0.2002196436221888,0.4144188197792035
okved2,33,2023,18,0.058479488816778,0.04864843283309885,,,11.576740959318418,8.548778697058133,0.14669206141822644,0.40961006969478486
okved2,41,2023,195,0.0219702338766832,0.0311350766543699,0.1966083730789613,0.1966083730789613,8.15295480880649,7.418429361763849,0.24014371145877406,0.6311892407649942
okved2,42,2023,167,0.030010175534343,0.0335107589649147,0.176954063834795,0.176954063834795,12.491092661025597,10.467215249737114,0.24756323698530025,0.39036584677307284
okved2,43,2023,205,0.0330796549974632,0.0455210924141645,0.021785929561698,0.134415419685837,7.932432432432432,6.1166168998252735,0.1251356238698011,0.4025807336502402
okved2,45,2023,170,0.03015484537276395,0.0275884581767245,0.2102709260008087,0.2102709260008087,5.788461538461538,4.429954594017094,0.11451871780043316,0.2688783115600224
okved2,46,2023,368,0.022275600596121402,0.02166753780663705,0.1823361823361823,0.19171605018277302,7.556970439892392,6.247446630368582,0.0863468353465686,0.36387663929029423
okved2,47,2023,244,0.0434861751072093,0.04355204493215503,0.039791744142804,0.11828287847183569,6.779353655891965,4.878466779527772,0.0275655919138136,0.19014177452316075
okved2,49,2023,191,0.0300804129852079,0.0322534671140107,0.13165570316373545,0.2295194609336258,34.4125,31.049438646426314,0.2222751589785,0.3749868621183668
okved2,52,2023,115,0.0311703194384758,0.058183969618262305,0.1079390354868061,0.17177975445780397,21.585365853658537,21.12347376558692,0.1206373292867981,0.3396573564369478
okved2,56,2023,162,0.0340149657308823,0.044618668739366055,0.00043558841902465004,0.22782994937891424,15.536038044285927,11.850252508126326,0.1404266810694031,0.22158312368754218
okved2,62,2023,165,0.0599022004889975,0.0948361139998706,0.0002746208120326,0.1196487111398944,30.545454545454547,27.72825024437928,0.13082770761193255,0.27056699712968074
okved2,68,2023,243,0.0681044267877412,0.135156854971834,0.036718975535734055,0.40348745494061145,48.54833333333333,47.120129524789846,0.04916645796130045,0.12146159900689214
okved2,69,2023,168,0.0543528333188692,0.0843848821233636,0.00020185708518365,0.09907274025003379,14.667031463748287,13.507517735239178,0.12938085763181645,0.3252064993357041
okved2,70,2023,103,0.0592635605957097,0.15295023245853118,0.0038387715930902,0.3760638908747025,15.564102564102564,14.911639731845469,0.081081081081081,0.25225225225225234
okved2,71,2023,214,0.06388752691554254,0.1115961227264793,0.0004442243178437,0.09575565319754706,15.84800445471431,14.370196166897856,0.0814799312544789,0.4057801857074051
okved2,72,2023,13,0.0689655172413793,0.08638679183908991,,,,,0.1232278764363527,0.5349825612745128
okved2,73,2023,159,0.0494296577946768,0.0480418809064996,0.0042883945322969,0.1008640765507735,13.593939393939394,13.292229992229991,0.14056596072499725,0.32568457457557487
okved2,80,2023,15,0.0595478577485161,0.0367479429818424,,,,,0.00735605452413685,0.18691634051682693
okved2,86,2023,271,0.0597141472868217,0.0650760775817278,0.0,0.1937643121366919,14.938710962933028,10.630352669366847,0.1316956670078471,0.1730858723790951
okved2,93,2023,67,0.0595849763014298,0.0760634627219363,0.0,0.5063184924577786,40.093023255813954,38.31225402504472,0.21945552449384775,0.3196350205020725
okved2,95,2023,13,0.0548872180451127,0.0517733728260044,,,,,0.0628991060025542,0.3264649974754224
section,A,2023,98,0.03243808986818065,0.14605226628913814,0.33521159639858805,0.33521159639858805,1.9656483670991245,1.3186666415149424,0.1148074359441225,0.3493958756226875
section,C,2023,298,0.0375671420946389,0.04096008103081935,0.1613168724279835,0.293304450067735,6.287589452609124,4.8392882631799665,0.2030768058896713,0.3965455713128559
section,F,2023,567,0.028629156535735,0.0353583580955564,0.11695119110563401,0.11695119110563401,8.569432474706996,7.508543595898303,0.1849042029325351,0.46199219233738564
section,G,2023,782,0.027829713148507747,0.02740214651567655,0.1283714289171496,0.2010445254988048,7.038393645189761,5.480388217781349,0.0630669923237962,0.2628995348858949
section,H,2023,309,0.0309343434343434,0.040033398501140405,0.1191274695915067,0.2267659657926558,31.666666666666668,28.479166666666668,0.1704259764172656,0.3432799749499141
section,I,2023,169,0.036309937456567,0.0496839005512004,0.0022236340533672,0.2077684379778916,15.536038044285927,12.032135182187055,0.1396001728621437,0.22367573571902316
section,J,2023,189,0.0599022004889975,0.0917107027368089,0.0032467532467532,0.1166765787051738,29.347195357833655,27.184459479368073,0.14146807423169905,0.2740864684460558
section,L,2023,243,0.0681044267877412,0.135156854971834,0.036718975535734055,0.40348745494061145,48.54833333333333,47.120129524789846,0.04916645796130045,0.12146159900689214
section,M,2023,666,0.05624483580603275,0.08521392030968133,0.0013403702772891,0.1098807110044132,15.231323357888275,14.108699292767,0.1205218337135883,0.3449902774246425
section,N,2023,54,0.058191446161901444,0.0523920822102074,0.0,0.2577367205542725,35.278377515170874,31.504999589377086,0.07550422150312065,0.2238746420105478
section,Q,2023,272,0.05969124100198185,0.0660025691857385,0.0,0.1937643121366919,14.938710962933028,10.630352669366847,0.13077194817508708,0.173250800037678
section,R,2023,67,0.0595849763014298,0.0760634627219363,0.0,0.5063184924577786,40.093023255813954,38.31225402504472,0.21945552449384775,0.3196350205020725
section,S,2023,21,0.0418174507438681,0.038750930850803195,0.1884013138141553,0.2676295666949873,5.711734507649667,4.5348249850250255,0.0703402854006586,0.3339061768735268
period,ALL,2023,3768,0.0391949196284489,0.0499087171142683,0.0662251655629139,0.20031329453372837,10.220671834625325,8.85678178299982,0.1178928822144833,0.3014189710781707
okved2,1,2024,89,0.0521428571428571,0.1289111198505555,0.3362171616816918,0.3362171616816918,1.4677490503614754,0.8991318526980313,0.0151498637602179,0.33754020081650765
okved2,10,2024,16,0.060894746841165956,0.0750319547726297,0.0,0.6280768957934312,10.023974990982325,5.895674969240428,0.2389131539686463,0.4189292037265125
okved2,25,2024,182,0.0319401822990371,0.03416980342952735,0.2223654415607037,0.2223654415607037,7.764977411117659,5.664137074983206,0.19230745713039904,0.40291553969191324
okved2,28,2024,13,0.0153873432163864,0.08082119812392549,0.00859799243047555,0.35834001079082356,7.366321911352966,3.1874786125943815,0.08100924303418805,0.20683570312397206
okved2,33,2024,15,0.0646869370598831,0.053424965854108206,,,8.16165431701031,4.048534466810182,0.0619032953495534,0.2876843402432262
okved2,41,2024,188,0.0295462855450657,0.031974778158921247,0.1528159439752283,0.17219216321436048,7.478260869565218,6.653076927709584,0.1022181146025878,0.49381130634044834
okved2,42,2024,172,0.0291051202454859,0.03132416768012365,0.2007166353383458,0.2007166353383458,17.434688268479675,14.399040556677392,0.1091993301189022,0.4047187756641998
okved2,43,2024,210,0.042031781040967345,0.0515724356657313,0.0386158475426278,0.058065938086400606,9.48878923766816,7.761953500887122,0.0189354092152324,0.4154583826987077
okved2,45,2024,171,0.0323949075446239,0.0280289530780712,0.1329379282135187,0.2843157837188537,4.923343038191471,3.7908736882198983,0.0825452093908629,0.2824333056280988
okved2,46,2024,357,0.020868500890428,0.026975164877766,0.1150012777919754,0.1732408102819312,7.8125,6.418978689629483,0.0824447102702051,0.34681097731837
okved2,47,2024,228,0.0358596478145644,0.04104817590489865,0.0492825776613073,0.12465727866627119,6.213975704088178,4.563645355607649,0.0616485544011767,0.19181045480956685
okved2,49,2024,179,0.023384892326155,0.0279664439449699,0.1977139326536917,0.325768312478038,26.24677348265223,23.6146070696639,0.16337874656784568,0.2840270814041367
okved2,52,2024,117,0.0250493096646942,0.04878620993313779,0.023789786342925202,0.20370538771581115,24.4100592110402,22.48369409331419,0.0713626069174784,0.23843924646909578
okved2,56,2024,160,0.0428239678660195,0.04402453879457985,0.0,0.29454012332962515,16.025782688766114,12.414208131936082,0.1567940179927561,0.22178094140276677
okved2,62,2024,171,0.0614428306735999,0.0802075916785768,0.0,0.1410705391642914,18.55102687626775,17.611695632343434,0.11484804136859719,0.29835991600768436
okved2,68,2024,244,0.06355331017950536,0.13317382853762622,0.01439177141345885,0.24016012143652826,64.64825207951955,62.58049122687009,0.0884109916367981,0.1483515601754623
okved2,69,2024,166,0.0567496961429871,0.08462615815556986,0.0,0.07051282051282046,17.950387596899223,17.549074392554882,0.1450209838646879,0.2041251900199836
okved2,70,2024,107,0.0599472032260076,0.12034516277290949,0.0042009795332615,0.3509997928843757,70.0,67.7620578778135,0.0620420888542478,0.2908147992732318
okved2,71,2024,215,0.0879530864919099,0.1078561620630034,0.00249857316188445,0.16828866166197345,16.539522258414763,14.916601802340917,0.1529951298601686,0.38847876091728545
okved2,72,2024,13,0.0507831325301204,0.20996139534973263,,,,,0.1836426538449644,0.8159843874854017
okved2,73,2024,158,0.0385482616755251,0.0539709320162558,0.027378507871321,0.0827221241063065,12.318205506524446,10.851803111053758,0.1723600062392762,0.2851114079161446
okved2,80,2024,13,0.0357334406006972,0.0323754822393809,,,,,0.1331209930989423,0.10975944850186062
okved2,86,2024,275,0.0620212964692695,0.0695443624735278,0.00168332608235675,0.13218341184876303,20.920539730134934,16.584927068835718,0.1653992395437262,0.1711956863970836
okved2,93,2024,70,0.0526326059510963,0.09676387069584044,0.0,0.4068185179707144,38.40523255813953,36.75716152105504,0.1810945093465503,0.2547813104731268
section,A,2024,98,0.04843761986666705,0.12482310980575864,0.3201484431571325,0.3201484431571325,1.7126325550101296,1.1582671571989342,0.00757493188010895,0.343529424563201
section,C,2024,296,0.03880780388967975,0.0399356113286713,0.1675221768376971,0.2786278878598537,7.467005965749808,5.261939991572606,0.1602256521653295,0.3767100139121163
section,F,2024,570,0.0334076798650091,0.0401605900919335,0.10303924552160396,0.1220548456176401,10.085579514824795,8.765191165310233,0.0745247137756456,0.43145023421097317
section,G,2024,756,0.02788387181861195,0.0305994936811399,0.1005050505050505,0.16836359034536708,6.462365463856233,5.1486493283018895,0.0751902940380974,0.27420423165068863
section,H,2024,299,0.0244077530509691,0.0332558262737993,0.1171875,0.32056370578778126,25.38808317317538,23.160485870372874,0.12180894814104709,0.2622469604642228
section,I,2024,166,0.0428239678660195,0.042654029307106545,0.0001511944360447,0.2782077612630365,16.24230769230769,12.602069664537783,0.1567940179927561,0.21816937488815757
section,J,2024,195,0.0644490644490644,0.09209883403431779,0.0,0.0859598853868194,19.5625,18.862725505704958,0.0891415994130594,0.2985507897850506
section,L,2024,244,0.06355331017950536,0.13317382853762622,0.01439177141345885,0.24016012143652826,64.64825207951955,62.58049122687009,0.0884109916367981,0.1483515601754623
section,M,2024,666,0.0564285704220659,0.08998849659413904,0.002510368915084,0.1248223196422561,18.288423655643573,17.289991014350797,0.135358596930786,0.2904888606963326
section,N,2024,51,0.0346728102432324,0.0598559604263825,0.0,0.2940038684719536,24.635097493036213,24.61229825301088,0.13502522683992754,0.21810788859699484
section,Q,2024,276,0.0636971809211674,0.07107432167480271,0.00168332608235675,0.13218341184876303,20.920539730134934,16.584927068835718,0.16591029585860628,0.17163975117901425
section,R,2024,71,0.0509954593084177,0.09384408355239071,0.0,0.4068185179707144,43.75,41.80306427503737,0.1668015648185619,0.24212812505078252
period,ALL,2024,3737,0.0401041666666666,0.0528182994289792,0.0462389380530973,0.20879318838193417,10.912933124595869,9.47014602063868,0.1088736414167196,0.28221006029157125
